,MAC_ADDRESS,TIMESTAMP,BIT_RATE,SIGNAL_STRENGTH
0,NULL,2021-05-05T19:08:54.089,NULL,NULL
1,NULL,2021-05-05T19:08:55.342,NULL,NULL
2,NULL,2021-05-05T19:08:56.617,NULL,NULL
3,NULL,2021-05-05T19:08:57.847,NULL,NULL
4,NULL,2021-05-05T19:08:59.099,NULL,NULL
5,NULL,2021-05-05T19:09:00.320,NULL,NULL
6,NULL,2021-05-05T19:09:01.571,NULL,NULL
7,NULL,2021-05-05T19:09:02.740,NULL,NULL
8,NULL,2021-05-05T19:09:03.991,NULL,NULL
9,NULL,2021-05-05T19:09:05.237,NULL,NULL
10,NULL,2021-05-05T19:09:06.419,NULL,NULL
11,NULL,2021-05-05T19:09:07.660,NULL,NULL
12,NULL,2021-05-05T19:09:08.899,NULL,NULL
13,NULL,2021-05-05T19:09:10.068,NULL,NULL
14,NULL,2021-05-05T19:09:11.308,NULL,NULL
15,NULL,2021-05-05T19:09:12.548,NULL,NULL
16,NULL,2021-05-05T19:09:13.792,NULL,NULL
17,NULL,2021-05-05T19:09:15.033,NULL,NULL
18,NULL,2021-05-05T19:09:16.274,NULL,NULL
19,NULL,2021-05-05T19:09:17.492,NULL,NULL
20,NULL,2021-05-05T19:09:18.736,NULL,NULL
21,NULL,2021-05-05T19:09:19.980,NULL,NULL
22,NULL,2021-05-05T19:09:21.149,NULL,NULL
23,NULL,2021-05-05T19:09:22.388,NULL,NULL
24,NULL,2021-05-05T19:09:23.627,NULL,NULL
25,NULL,2021-05-05T19:09:24.871,NULL,NULL
26,NULL,2021-05-05T19:09:26.053,NULL,NULL
27,NULL,2021-05-05T19:09:27.222,NULL,NULL
28,NULL,2021-05-05T19:09:28.418,NULL,NULL
29,NULL,2021-05-05T19:09:29.663,NULL,NULL
30,NULL,2021-05-05T19:09:30.863,NULL,NULL
31,NULL,2021-05-05T19:09:32.103,NULL,NULL
32,NULL,2021-05-05T19:09:33.349,NULL,NULL
33,NULL,2021-05-05T19:09:34.505,NULL,NULL
34,NULL,2021-05-05T19:09:35.745,NULL,NULL
35,NULL,2021-05-05T19:09:36.988,NULL,NULL
36,NULL,2021-05-05T19:09:38.227,NULL,NULL
37,NULL,2021-05-05T19:09:39.469,NULL,NULL
38,NULL,2021-05-05T19:09:40.711,NULL,NULL
39,NULL,2021-05-05T19:09:41.855,NULL,NULL
40,NULL,2021-05-05T19:09:43.098,NULL,NULL
41,NULL,2021-05-05T19:09:44.283,NULL,NULL
42,NULL,2021-05-05T19:09:45.470,NULL,NULL
43,NULL,2021-05-05T19:09:46.710,NULL,NULL
44,NULL,2021-05-05T19:09:47.956,NULL,NULL
45,NULL,2021-05-05T19:09:49.102,NULL,NULL
46,NULL,2021-05-05T19:09:50.341,NULL,NULL
47,B8:27:EB:75:C1:31,2021-05-05T19:09:51.593,1,-68
48,B8:27:EB:75:C1:31,2021-05-05T19:09:52.840,52,-70
49,B8:27:EB:75:C1:31,2021-05-05T19:09:54.086,52,-70
50,B8:27:EB:75:C1:31,2021-05-05T19:09:55.330,24,-72
51,B8:27:EB:75:C1:31,2021-05-05T19:09:56.580,24,-74
52,B8:27:EB:75:C1:31,2021-05-05T19:09:57.824,24,-74
53,B8:27:EB:75:C1:31,2021-05-05T19:09:59.072,24,-75
54,B8:27:EB:75:C1:31,2021-05-05T19:10:00.341,24,-72
55,B8:27:EB:75:C1:31,2021-05-05T19:10:01.599,24,-75
56,B8:27:EB:75:C1:31,2021-05-05T19:10:02.843,28.8,-75
57,B8:27:EB:75:C1:31,2021-05-05T19:10:04.090,28.8,-75
58,B8:27:EB:75:C1:31,2021-05-05T19:10:05.338,24,-75
59,B8:27:EB:75:C1:31,2021-05-05T19:10:06.600,28.8,-76
60,B8:27:EB:75:C1:31,2021-05-05T19:10:07.848,24,-76
61,B8:27:EB:75:C1:31,2021-05-05T19:10:09.094,24,-77
62,B8:27:EB:75:C1:31,2021-05-05T19:10:10.343,24,-77
63,B8:27:EB:75:C1:31,2021-05-05T19:10:11.593,24,-77
64,B8:27:EB:75:C1:31,2021-05-05T19:10:12.840,24,-77
65,B8:27:EB:75:C1:31,2021-05-05T19:10:14.088,24,-79
66,B8:27:EB:75:C1:31,2021-05-05T19:10:15.340,24,-79
67,B8:27:EB:75:C1:31,2021-05-05T19:10:16.587,24,-80
68,B8:27:EB:75:C1:31,2021-05-05T19:10:17.840,12,-80
69,B8:27:EB:75:C1:31,2021-05-05T19:10:19.089,12,-80
70,B8:27:EB:75:C1:31,2021-05-05T19:10:20.334,12,-78
71,B8:27:EB:75:C1:31,2021-05-05T19:10:21.581,12,-78
72,B8:27:EB:75:C1:31,2021-05-05T19:10:22.828,12,-79
73,B8:27:EB:75:C1:31,2021-05-05T19:10:24.075,12,-79
74,B8:27:EB:75:C1:31,2021-05-05T19:10:25.322,12,-79
75,B8:27:EB:75:C1:31,2021-05-05T19:10:26.577,12,-79
76,B8:27:EB:75:C1:31,2021-05-05T19:10:27.847,12,-78
77,B8:27:EB:75:C1:31,2021-05-05T19:10:29.094,12,-78
78,B8:27:EB:75:C1:31,2021-05-05T19:10:30.341,12,-76
79,B8:27:EB:75:C1:31,2021-05-05T19:10:31.584,12,-75
80,B8:27:EB:75:C1:31,2021-05-05T19:10:32.829,12,-74
81,B8:27:EB:75:C1:31,2021-05-05T19:10:34.074,12,-74
82,B8:27:EB:75:C1:31,2021-05-05T19:10:35.329,12,-75
83,B8:27:EB:75:C1:31,2021-05-05T19:10:36.573,12,-76
84,B8:27:EB:75:C1:31,2021-05-05T19:10:37.820,12,-75
85,B8:27:EB:75:C1:31,2021-05-05T19:10:39.063,13,-76
86,B8:27:EB:75:C1:31,2021-05-05T19:10:40.307,13,-75
87,B8:27:EB:75:C1:31,2021-05-05T19:10:41.567,12,-69
88,B8:27:EB:75:C1:31,2021-05-05T19:10:42.813,12,-69
89,B8:27:EB:75:C1:31,2021-05-05T19:10:44.061,12,-68
90,B8:27:EB:75:C1:31,2021-05-05T19:10:45.305,12,-68
91,B8:27:EB:75:C1:31,2021-05-05T19:10:46.548,13,-68
92,B8:27:EB:75:C1:31,2021-05-05T19:10:47.796,13,-69
93,B8:27:EB:75:C1:31,2021-05-05T19:10:49.041,13,-66
94,B8:27:EB:75:C1:31,2021-05-05T19:10:50.286,13,-66
95,B8:27:EB:75:C1:31,2021-05-05T19:10:51.537,14.4,-58
96,B8:27:EB:75:C1:31,2021-05-05T19:10:52.781,14.4,-55
97,B8:27:EB:75:C1:31,2021-05-05T19:10:54.039,14.4,-57
98,B8:27:EB:75:C1:31,2021-05-05T19:10:55.286,12,-61
99,B8:27:EB:75:C1:31,2021-05-05T19:10:56.531,12,-66
100,B8:27:EB:75:C1:31,2021-05-05T19:10:57.777,12,-66
101,B8:27:EB:75:C1:31,2021-05-05T19:10:59.025,12,-66
102,B8:27:EB:75:C1:31,2021-05-05T19:11:00.276,14.4,-67
103,B8:27:EB:75:C1:31,2021-05-05T19:11:01.535,14.4,-69
104,B8:27:EB:75:C1:31,2021-05-05T19:11:02.786,12,-74
105,B8:27:EB:75:C1:31,2021-05-05T19:11:04.038,12,-74
106,B8:27:EB:75:C1:31,2021-05-05T19:11:05.283,12,-75
107,B8:27:EB:75:C1:31,2021-05-05T19:11:06.535,14.4,-75
108,B8:27:EB:75:C1:31,2021-05-05T19:11:07.779,14.4,-75
109,B8:27:EB:75:C1:31,2021-05-05T19:11:09.026,14.4,-75
110,B8:27:EB:75:C1:31,2021-05-05T19:11:10.279,12,-75
111,B8:27:EB:75:C1:31,2021-05-05T19:11:11.525,12,-75
112,B8:27:EB:75:C1:31,2021-05-05T19:11:12.772,12,-75
113,B8:27:EB:75:C1:31,2021-05-05T19:11:14.017,13,-75
114,B8:27:EB:75:C1:31,2021-05-05T19:11:15.263,12,-76
115,B8:27:EB:75:C1:31,2021-05-05T19:11:16.519,12,-77
116,B8:27:EB:75:C1:31,2021-05-05T19:11:17.766,12,-77
117,B8:27:EB:75:C1:31,2021-05-05T19:11:19.015,12,-78
118,B8:27:EB:75:C1:31,2021-05-05T19:11:20.262,12,-78
119,B8:27:EB:75:C1:31,2021-05-05T19:11:21.511,12,-78
120,B8:27:EB:75:C1:31,2021-05-05T19:11:22.757,13,-77
121,B8:27:EB:75:C1:31,2021-05-05T19:11:24.004,12,-77
122,B8:27:EB:75:C1:31,2021-05-05T19:11:25.255,12,-77
123,B8:27:EB:75:C1:31,2021-05-05T19:11:26.503,12,-77
124,B8:27:EB:75:C1:31,2021-05-05T19:11:27.750,12,-77
125,B8:27:EB:75:C1:31,2021-05-05T19:11:29.005,12,-77
126,B8:27:EB:75:C1:31,2021-05-05T19:11:30.250,13,-77
127,B8:27:EB:75:C1:31,2021-05-05T19:11:31.495,13,-77
128,B8:27:EB:75:C1:31,2021-05-05T19:11:32.740,13,-76
129,B8:27:EB:75:C1:31,2021-05-05T19:11:33.986,13,-76
130,B8:27:EB:75:C1:31,2021-05-05T19:11:35.238,14.4,-74
131,B8:27:EB:75:C1:31,2021-05-05T19:11:36.489,14.4,-75
132,B8:27:EB:75:C1:31,2021-05-05T19:11:37.744,14.4,-75
133,B8:27:EB:75:C1:31,2021-05-05T19:11:38.996,12,-75
134,B8:27:EB:75:C1:31,2021-05-05T19:11:40.248,12,-75
135,B8:27:EB:75:C1:31,2021-05-05T19:11:41.497,12,-75
136,B8:27:EB:75:C1:31,2021-05-05T19:11:42.743,12,-75
137,B8:27:EB:75:C1:31,2021-05-05T19:11:43.994,14.4,-71
138,B8:27:EB:75:C1:31,2021-05-05T19:11:45.245,14.4,-69
139,B8:27:EB:75:C1:31,2021-05-05T19:11:46.489,14.4,-69
140,B8:27:EB:75:C1:31,2021-05-05T19:11:47.734,14.4,-68
141,B8:27:EB:75:C1:31,2021-05-05T19:11:48.977,14.4,-67
142,B8:27:EB:75:C1:31,2021-05-05T19:11:50.225,14.4,-66
143,B8:27:EB:75:C1:31,2021-05-05T19:11:51.478,14.4,-63
144,B8:27:EB:75:C1:31,2021-05-05T19:11:52.722,12,-56
145,B8:27:EB:75:C1:31,2021-05-05T19:11:53.969,12,-53
146,B8:27:EB:75:C1:31,2021-05-05T19:11:55.214,12,-50
147,B8:27:EB:75:C1:31,2021-05-05T19:11:56.464,12,-42
148,B8:27:EB:75:C1:31,2021-05-05T19:11:57.707,14.4,-32
149,B8:27:EB:75:C1:31,2021-05-05T19:11:58.953,14.4,-29
150,B8:27:EB:75:C1:31,2021-05-05T19:12:00.208,14.4,-31
151,B8:27:EB:75:C1:31,2021-05-05T19:12:01.459,14.4,-32
152,B8:27:EB:75:C1:31,2021-05-05T19:12:02.702,14.4,-32
153,B8:27:EB:75:C1:31,2021-05-05T19:12:03.945,14.4,-27
154,B8:27:EB:75:C1:31,2021-05-05T19:12:05.187,13,-27
155,B8:27:EB:75:C1:31,2021-05-05T19:12:06.436,13,-27
156,B8:27:EB:75:C1:31,2021-05-05T19:12:07.682,12,-28
157,B8:27:EB:75:C1:31,2021-05-05T19:12:08.926,12,-28
158,B8:27:EB:75:C1:31,2021-05-05T19:12:10.176,12,-26
159,B8:27:EB:75:C1:31,2021-05-05T19:12:11.421,12,-26
160,B8:27:EB:75:C1:31,2021-05-05T19:12:12.675,13,-26
161,B8:27:EB:75:C1:31,2021-05-05T19:12:13.919,13,-29
162,B8:27:EB:75:C1:31,2021-05-05T19:12:15.165,12,-30
163,B8:27:EB:75:C1:31,2021-05-05T19:12:16.413,12,-32
164,B8:27:EB:75:C1:31,2021-05-05T19:12:17.660,12,-52
165,B8:27:EB:75:C1:31,2021-05-05T19:12:18.908,13,-53
166,B8:27:EB:75:C1:31,2021-05-05T19:12:20.153,13,-47
167,B8:27:EB:75:C1:31,2021-05-05T19:12:21.397,13,-44
168,B8:27:EB:75:C1:31,2021-05-05T19:12:22.652,12,-42
169,B8:27:EB:75:C1:31,2021-05-05T19:12:23.897,12,-39
170,B8:27:EB:75:C1:31,2021-05-05T19:12:25.142,12,-38
171,B8:27:EB:75:C1:31,2021-05-05T19:12:26.384,12,-38
172,B8:27:EB:75:C1:31,2021-05-05T19:12:27.628,12,-37
173,B8:27:EB:75:C1:31,2021-05-05T19:12:28.875,12,-38
174,B8:27:EB:75:C1:31,2021-05-05T19:12:30.122,12,-41
175,B8:27:EB:75:C1:31,2021-05-05T19:12:31.369,14.4,-42
176,B8:27:EB:75:C1:31,2021-05-05T19:12:32.626,14.4,-41
177,B8:27:EB:75:C1:31,2021-05-05T19:12:33.872,14.4,-39
178,B8:27:EB:75:C1:31,2021-05-05T19:12:35.122,12,-35
179,B8:27:EB:75:C1:31,2021-05-05T19:12:36.365,12,-30
180,B8:27:EB:75:C1:31,2021-05-05T19:12:38.178,12,-33
181,B8:27:EB:75:C1:31,2021-05-05T19:12:39.431,12,-37
182,B8:27:EB:75:C1:31,2021-05-05T19:12:40.690,12,-44
183,B8:27:EB:75:C1:31,2021-05-05T19:12:41.932,12,-54
184,B8:27:EB:75:C1:31,2021-05-05T19:12:43.178,12,-58
185,B8:27:EB:75:C1:31,2021-05-05T19:12:44.426,12,-51
186,B8:27:EB:75:C1:31,2021-05-05T19:12:45.673,14.4,-41
187,B8:27:EB:75:C1:31,2021-05-05T19:12:46.918,14.4,-41
188,B8:27:EB:75:C1:31,2021-05-05T19:12:48.160,14.4,-47
189,B8:27:EB:75:C1:31,2021-05-05T19:12:49.410,12,-49
190,B8:27:EB:75:C1:31,2021-05-05T19:12:50.654,12,-54
191,B8:27:EB:75:C1:31,2021-05-05T19:12:51.905,12,-52
192,B8:27:EB:75:C1:31,2021-05-05T19:12:53.150,12,-50
193,B8:27:EB:75:C1:31,2021-05-05T19:12:54.395,12,-46
194,B8:27:EB:75:C1:31,2021-05-05T19:12:55.646,12,-46
195,B8:27:EB:75:C1:31,2021-05-05T19:12:56.893,12,-52
196,B8:27:EB:75:C1:31,2021-05-05T19:12:58.127,12,-50
197,B8:27:EB:75:C1:31,2021-05-05T19:12:59.306,13,-45
198,B8:27:EB:75:C1:31,2021-05-05T19:13:00.563,13,-37
199,B8:27:EB:75:C1:31,2021-05-05T19:13:01.816,13,-36
200,B8:27:EB:75:C1:31,2021-05-05T19:13:03.060,13,-35
201,B8:27:EB:75:C1:31,2021-05-05T19:13:04.310,12,-33
202,B8:27:EB:75:C1:31,2021-05-05T19:13:05.555,12,-37
203,B8:27:EB:75:C1:31,2021-05-05T19:13:06.800,12,-41
204,B8:27:EB:75:C1:31,2021-05-05T19:13:08.050,12,-44
205,B8:27:EB:75:C1:31,2021-05-05T19:13:09.296,12,-45
206,B8:27:EB:75:C1:31,2021-05-05T19:13:10.542,12,-45
207,B8:27:EB:75:C1:31,2021-05-05T19:13:11.788,12,-45
208,B8:27:EB:75:C1:31,2021-05-05T19:13:13.033,14.4,-45
209,B8:27:EB:75:C1:31,2021-05-05T19:13:14.280,12,-45
210,B8:27:EB:75:C1:31,2021-05-05T19:13:15.536,12,-43
211,B8:27:EB:75:C1:31,2021-05-05T19:13:16.784,12,-43
212,B8:27:EB:75:C1:31,2021-05-05T19:13:18.031,12,-41
213,B8:27:EB:75:C1:31,2021-05-05T19:13:19.277,12,-41
214,B8:27:EB:75:C1:31,2021-05-05T19:13:20.537,12,-41
215,B8:27:EB:75:C1:31,2021-05-05T19:13:21.788,12,-41
216,B8:27:EB:75:C1:31,2021-05-05T19:13:23.034,12,-42
217,B8:27:EB:75:C1:31,2021-05-05T19:13:24.280,12,-49
218,B8:27:EB:75:C1:31,2021-05-05T19:13:25.525,12,-49
219,B8:27:EB:75:C1:31,2021-05-05T19:13:26.770,14.4,-49
220,B8:27:EB:75:C1:31,2021-05-05T19:13:28.010,14.4,-49
221,B8:27:EB:75:C1:31,2021-05-05T19:13:29.257,14.4,-51
222,B8:27:EB:75:C1:31,2021-05-05T19:13:30.503,14.4,-51
223,B8:27:EB:75:C1:31,2021-05-05T19:13:31.752,12,-50
224,B8:27:EB:75:C1:31,2021-05-05T19:13:33.002,12,-50
225,B8:27:EB:75:C1:31,2021-05-05T19:13:34.248,12,-46
226,B8:27:EB:75:C1:31,2021-05-05T19:13:35.499,12,-46
227,B8:27:EB:75:C1:31,2021-05-05T19:13:36.755,12,-46
228,B8:27:EB:75:C1:31,2021-05-05T19:13:38.004,12,-46
229,B8:27:EB:75:C1:31,2021-05-05T19:13:39.252,12,-44
230,B8:27:EB:75:C1:31,2021-05-05T19:13:40.497,12,-44
231,B8:27:EB:75:C1:31,2021-05-05T19:13:41.745,12,-44
232,B8:27:EB:75:C1:31,2021-05-05T19:13:42.996,13,-44
233,B8:27:EB:75:C1:31,2021-05-05T19:13:44.242,13,-35
234,B8:27:EB:75:C1:31,2021-05-05T19:13:45.486,13,-35
235,B8:27:EB:75:C1:31,2021-05-05T19:13:46.733,12,-35
236,B8:27:EB:75:C1:31,2021-05-05T19:13:47.979,13,-35
237,B8:27:EB:75:C1:31,2021-05-05T19:13:49.227,12,-34
238,B8:27:EB:75:C1:31,2021-05-05T19:13:50.471,12,-34
239,B8:27:EB:75:C1:31,2021-05-05T19:13:51.715,12,-34
240,B8:27:EB:75:C1:31,2021-05-05T19:13:52.959,13,-32
241,B8:27:EB:75:C1:31,2021-05-05T19:13:54.202,13,-32
242,B8:27:EB:75:C1:31,2021-05-05T19:13:55.462,43.3,-30
243,B8:27:EB:75:C1:31,2021-05-05T19:13:56.721,72.2,-30
244,B8:27:EB:75:C1:31,2021-05-05T19:13:57.992,72.2,-34
245,B8:27:EB:75:C1:31,2021-05-05T19:14:02.290,72.2,-34
246,B8:27:EB:75:C1:31,2021-05-05T19:14:03.567,24,-34
247,B8:27:EB:75:C1:31,2021-05-05T19:14:04.814,24,-34
248,B8:27:EB:75:C1:31,2021-05-05T19:14:06.057,24,-34
249,B8:27:EB:75:C1:31,2021-05-05T19:14:07.300,24,-34
250,B8:27:EB:75:C1:31,2021-05-05T19:14:08.549,24,-34
251,B8:27:EB:75:C1:31,2021-05-05T19:14:09.807,58.5,-31
252,B8:27:EB:75:C1:31,2021-05-05T19:14:11.072,72.2,-32
253,B8:27:EB:75:C1:31,2021-05-05T19:14:12.341,72.2,-31
254,B8:27:EB:75:C1:31,2021-05-05T19:14:13.608,65,-31
255,B8:27:EB:75:C1:31,2021-05-05T19:14:14.879,72.2,-31
256,B8:27:EB:75:C1:31,2021-05-05T19:14:16.135,24,-32
257,B8:27:EB:75:C1:31,2021-05-05T19:14:17.385,24,-32
258,B8:27:EB:75:C1:31,2021-05-05T19:14:18.647,72.2,-30
259,B8:27:EB:75:C1:31,2021-05-05T19:14:19.928,72.2,-30
260,B8:27:EB:75:C1:31,2021-05-05T19:14:21.193,72.2,-30
261,B8:27:EB:75:C1:31,2021-05-05T19:14:22.469,72.2,-30
262,B8:27:EB:75:C1:31,2021-05-05T19:14:23.721,72.2,-30
263,B8:27:EB:75:C1:31,2021-05-05T19:14:24.973,72.2,-29
264,B8:27:EB:75:C1:31,2021-05-05T19:14:26.248,65,-30
265,B8:27:EB:75:C1:31,2021-05-05T19:14:27.498,72.2,-30
266,B8:27:EB:75:C1:31,2021-05-05T19:14:28.753,72.2,-31
267,B8:27:EB:75:C1:31,2021-05-05T19:14:40.393,24,-54
268,B8:27:EB:75:C1:31,2021-05-05T19:14:41.652,65,-58
269,B8:27:EB:75:C1:31,2021-05-05T19:14:42.905,72.2,-59
270,B8:27:EB:75:C1:31,2021-05-05T19:14:44.174,72.2,-60
271,B8:27:EB:75:C1:31,2021-05-05T19:14:45.424,72.2,-60
272,B8:27:EB:75:C1:31,2021-05-05T19:14:46.673,72.2,-63
273,B8:27:EB:75:C1:31,2021-05-05T19:14:47.925,72.2,-63
274,B8:27:EB:75:C1:31,2021-05-05T19:14:49.180,57.7,-63
275,B8:27:EB:75:C1:31,2021-05-05T19:14:50.438,39,-63
276,B8:27:EB:75:C1:31,2021-05-05T19:14:51.698,24,-65
277,B8:27:EB:75:C1:31,2021-05-05T19:14:52.948,24,-65
278,B8:27:EB:75:C1:31,2021-05-05T19:14:54.199,24,-66
279,B8:27:EB:75:C1:31,2021-05-05T19:14:55.443,65,-70
280,B8:27:EB:75:C1:31,2021-05-05T19:14:56.694,26,-70
281,B8:27:EB:75:C1:31,2021-05-05T19:14:57.948,26,-70
282,B8:27:EB:75:C1:31,2021-05-05T19:14:59.201,43.3,-71
283,B8:27:EB:75:C1:31,2021-05-05T19:15:00.455,12,-71
284,B8:27:EB:75:C1:31,2021-05-05T19:15:01.699,6,-77
285,B8:27:EB:75:C1:31,2021-05-05T19:15:03.746,6,-76
286,B8:27:EB:75:C1:31,2021-05-05T19:15:05.012,6.5,-76
287,B8:27:EB:75:C1:31,2021-05-05T19:15:06.265,5.5,-76
288,B8:27:EB:75:C1:31,2021-05-05T19:15:07.525,5.5,-76
289,B8:27:EB:75:C1:31,2021-05-05T19:15:08.776,5.5,-76
290,B8:27:EB:75:C1:31,2021-05-05T19:15:10.031,5.5,-76
291,B8:27:EB:75:C1:31,2021-05-05T19:15:11.275,5.5,-76
292,B8:27:EB:75:C1:31,2021-05-05T19:15:12.519,5.5,-76
293,NULL,2021-05-05T19:15:13.773,NULL,NULL
294,NULL,2021-05-05T19:15:15.016,NULL,NULL
295,NULL,2021-05-05T19:15:16.256,NULL,NULL
296,NULL,2021-05-05T19:15:17.503,NULL,NULL
297,NULL,2021-05-05T19:15:18.743,NULL,NULL
298,NULL,2021-05-05T19:15:19.988,NULL,NULL
299,NULL,2021-05-05T19:15:21.235,NULL,NULL
300,NULL,2021-05-05T19:15:22.478,NULL,NULL
301,NULL,2021-05-05T19:15:23.656,NULL,NULL
302,NULL,2021-05-05T19:15:24.902,NULL,NULL
303,NULL,2021-05-05T19:15:26.150,NULL,NULL
304,NULL,2021-05-05T19:15:27.309,NULL,NULL
305,NULL,2021-05-05T19:15:28.550,NULL,NULL
306,NULL,2021-05-05T19:15:29.791,NULL,NULL
307,NULL,2021-05-05T19:15:31.053,NULL,NULL
308,NULL,2021-05-05T19:15:32.292,NULL,NULL
309,NULL,2021-05-05T19:15:33.541,NULL,NULL
310,NULL,2021-05-05T19:15:34.784,NULL,NULL
311,NULL,2021-05-05T19:15:36.032,NULL,NULL
312,NULL,2021-05-05T19:15:37.274,NULL,NULL
313,NULL,2021-05-05T19:15:38.535,NULL,NULL
314,NULL,2021-05-05T19:15:39.780,NULL,NULL
315,NULL,2021-05-05T19:15:41.029,NULL,NULL
316,NULL,2021-05-05T19:15:42.271,NULL,NULL
317,NULL,2021-05-05T19:15:43.519,NULL,NULL
318,NULL,2021-05-05T19:15:44.764,NULL,NULL
319,NULL,2021-05-05T19:15:46.010,NULL,NULL
320,NULL,2021-05-05T19:15:47.256,NULL,NULL
321,NULL,2021-05-05T19:15:48.524,NULL,NULL
322,NULL,2021-05-05T19:15:49.765,NULL,NULL
323,NULL,2021-05-05T19:15:51.012,NULL,NULL
324,NULL,2021-05-05T19:15:52.261,NULL,NULL
325,NULL,2021-05-05T19:15:53.507,NULL,NULL
326,NULL,2021-05-05T19:15:54.750,NULL,NULL
327,NULL,2021-05-05T19:15:55.991,NULL,NULL
328,NULL,2021-05-05T19:15:57.233,NULL,NULL
329,NULL,2021-05-05T19:15:58.475,NULL,NULL
330,NULL,2021-05-05T19:15:59.717,NULL,NULL
331,NULL,2021-05-05T19:16:00.962,NULL,NULL
332,NULL,2021-05-05T19:16:02.208,NULL,NULL
333,NULL,2021-05-05T19:16:03.454,NULL,NULL
334,NULL,2021-05-05T19:16:04.699,NULL,NULL
335,NULL,2021-05-05T19:16:05.953,NULL,NULL
336,NULL,2021-05-05T19:16:07.194,NULL,NULL
337,NULL,2021-05-05T19:16:08.447,NULL,NULL
338,NULL,2021-05-05T19:16:09.691,NULL,NULL
339,NULL,2021-05-05T19:16:10.951,NULL,NULL
340,NULL,2021-05-05T19:16:12.192,NULL,NULL
341,NULL,2021-05-05T19:16:13.431,NULL,NULL
342,B8:27:EB:6C:F0:84,2021-05-05T19:16:14.678,65,-60
343,B8:27:EB:6C:F0:84,2021-05-05T19:16:15.925,65,-59
344,B8:27:EB:6C:F0:84,2021-05-05T19:16:17.175,65,-59
345,B8:27:EB:6C:F0:84,2021-05-05T19:16:18.419,72.2,-56
346,B8:27:EB:6C:F0:84,2021-05-05T19:16:19.662,72.2,-58
347,B8:27:EB:6C:F0:84,2021-05-05T19:16:20.911,24,-55
348,B8:27:EB:6C:F0:84,2021-05-05T19:16:22.172,24,-54
349,B8:27:EB:6C:F0:84,2021-05-05T19:16:23.423,24,-54
350,B8:27:EB:6C:F0:84,2021-05-05T19:16:24.676,65,-59
351,B8:27:EB:6C:F0:84,2021-05-05T19:16:25.942,65,-64
352,B8:27:EB:6C:F0:84,2021-05-05T19:16:27.202,19.5,-63
353,B8:27:EB:6C:F0:84,2021-05-05T19:16:28.445,6.5,-62
354,B8:27:EB:6C:F0:84,2021-05-05T19:16:30.260,6.5,-65
355,B8:27:EB:6C:F0:84,2021-05-05T19:16:31.507,7.2,-69
356,B8:27:EB:6C:F0:84,2021-05-05T19:16:32.760,5.5,-64
357,B8:27:EB:6C:F0:84,2021-05-05T19:16:34.019,7.2,-65
358,B8:27:EB:6C:F0:84,2021-05-05T19:16:36.551,6,-63
359,B8:27:EB:6C:F0:84,2021-05-05T19:16:37.799,6,-63
360,B8:27:EB:6C:F0:84,2021-05-05T19:16:39.049,6,-63
361,B8:27:EB:6C:F0:84,2021-05-05T19:16:40.305,7.2,-66
362,B8:27:EB:6C:F0:84,2021-05-05T19:16:41.554,7.2,-70
363,B8:27:EB:6C:F0:84,2021-05-05T19:16:42.806,7.2,-72
364,B8:27:EB:6C:F0:84,2021-05-05T19:16:44.052,7.2,-73
365,B8:27:EB:6C:F0:84,2021-05-05T19:16:45.300,6,-74
366,B8:27:EB:6C:F0:84,2021-05-05T19:16:46.566,6,-74
367,B8:27:EB:6C:F0:84,2021-05-05T19:16:48.536,5.5,-74
368,B8:27:EB:6C:F0:84,2021-05-05T19:16:49.793,6,-74
369,B8:27:EB:6C:F0:84,2021-05-05T19:16:51.043,6,-73
370,B8:27:EB:6C:F0:84,2021-05-05T19:16:52.294,6,-73
371,B8:27:EB:6C:F0:84,2021-05-05T19:16:53.542,5.5,-73
372,B8:27:EB:6C:F0:84,2021-05-05T19:16:54.788,5.5,-74
373,B8:27:EB:6C:F0:84,2021-05-05T19:16:56.031,6.5,-76
374,B8:27:EB:6C:F0:84,2021-05-05T19:16:57.276,6.5,-76
375,B8:27:EB:6C:F0:84,2021-05-05T19:16:58.521,6,-77
376,B8:27:EB:6C:F0:84,2021-05-05T19:16:59.769,6,-77
377,B8:27:EB:6C:F0:84,2021-05-05T19:17:01.029,7.2,-78
378,B8:27:EB:6C:F0:84,2021-05-05T19:17:02.274,7.2,-78
379,B8:27:EB:6C:F0:84,2021-05-05T19:17:03.522,7.2,-78
380,B8:27:EB:6C:F0:84,2021-05-05T19:17:04.785,6,-72
381,B8:27:EB:6C:F0:84,2021-05-05T19:17:06.032,6,-71
382,B8:27:EB:6C:F0:84,2021-05-05T19:17:07.292,6,-71
383,B8:27:EB:6C:F0:84,2021-05-05T19:17:08.539,13,-72
384,B8:27:EB:6C:F0:84,2021-05-05T19:17:09.802,6.5,-62
385,B8:27:EB:6C:F0:84,2021-05-05T19:17:11.049,13,-63
386,B8:27:EB:6C:F0:84,2021-05-05T19:17:12.317,6.5,-65
387,B8:27:EB:6C:F0:84,2021-05-05T19:17:13.567,6.5,-65
388,B8:27:EB:6C:F0:84,2021-05-05T19:17:14.816,5.5,-71
389,B8:27:EB:6C:F0:84,2021-05-05T19:17:17.585,7.2,-62
390,B8:27:EB:6C:F0:84,2021-05-05T19:17:18.833,7.2,-62
391,B8:27:EB:6C:F0:84,2021-05-05T19:17:20.091,6.5,-64
392,B8:27:EB:6C:F0:84,2021-05-05T19:17:21.336,7.2,-65
393,B8:27:EB:6C:F0:84,2021-05-05T19:17:22.580,5.5,-63
394,B8:27:EB:6C:F0:84,2021-05-05T19:17:23.837,5.5,-63
395,B8:27:EB:6C:F0:84,2021-05-05T19:17:25.084,5.5,-66
396,B8:27:EB:6C:F0:84,2021-05-05T19:17:26.328,5.5,-68
397,B8:27:EB:6C:F0:84,2021-05-05T19:17:27.579,6.5,-67
398,B8:27:EB:6C:F0:84,2021-05-05T19:17:28.837,6,-68
399,B8:27:EB:6C:F0:84,2021-05-05T19:17:30.098,6,-61
400,B8:27:EB:6C:F0:84,2021-05-05T19:17:32.864,5.5,-60
401,B8:27:EB:6C:F0:84,2021-05-05T19:17:34.156,5.5,-60
402,B8:27:EB:6C:F0:84,2021-05-05T19:17:35.407,6.5,-62
403,B8:27:EB:6C:F0:84,2021-05-05T19:17:36.652,7.2,-69
404,B8:27:EB:6C:F0:84,2021-05-05T19:17:37.906,6.5,-69
405,B8:27:EB:6C:F0:84,2021-05-05T19:17:39.164,7.2,-69
406,B8:27:EB:6C:F0:84,2021-05-05T19:17:40.411,5.5,-69
407,B8:27:EB:6C:F0:84,2021-05-05T19:17:41.672,7.2,-69
408,B8:27:EB:6C:F0:84,2021-05-05T19:17:42.937,12,-74
409,B8:27:EB:6C:F0:84,2021-05-05T19:17:44.194,12,-70
410,B8:27:EB:6C:F0:84,2021-05-05T19:17:45.439,12,-70
411,B8:27:EB:6C:F0:84,2021-05-05T19:17:46.682,12,-70
412,B8:27:EB:6C:F0:84,2021-05-05T19:17:47.925,12,-70
413,B8:27:EB:6C:F0:84,2021-05-05T19:17:49.171,12,-70
414,B8:27:EB:6C:F0:84,2021-05-05T19:17:50.415,6.5,-65
415,B8:27:EB:6C:F0:84,2021-05-05T19:17:51.662,5.5,-65
416,B8:27:EB:6C:F0:84,2021-05-05T19:17:52.912,5.5,-65
417,B8:27:EB:6C:F0:84,2021-05-05T19:17:54.161,5.5,-65
418,B8:27:EB:6C:F0:84,2021-05-05T19:17:55.411,5.5,-65
419,B8:27:EB:6C:F0:84,2021-05-05T19:17:56.656,6.5,-61
420,B8:27:EB:6C:F0:84,2021-05-05T19:17:57.902,6,-68
421,B8:27:EB:6C:F0:84,2021-05-05T19:17:59.153,6,-68
422,B8:27:EB:6C:F0:84,2021-05-05T19:18:00.404,6,-68
423,B8:27:EB:6C:F0:84,2021-05-05T19:18:01.649,5.5,-68
424,B8:27:EB:6C:F0:84,2021-05-05T19:18:02.892,5.5,-68
425,B8:27:EB:6C:F0:84,2021-05-05T19:18:04.142,6.5,-57
426,B8:27:EB:6C:F0:84,2021-05-05T19:18:05.409,6.5,-54
427,B8:27:EB:6C:F0:84,2021-05-05T19:18:06.660,5.5,-54
428,B8:27:EB:6C:F0:84,2021-05-05T19:18:07.908,5.5,-54
429,B8:27:EB:6C:F0:84,2021-05-05T19:18:09.158,5.5,-53
430,B8:27:EB:6C:F0:84,2021-05-05T19:18:10.417,6.5,-48
431,B8:27:EB:6C:F0:84,2021-05-05T19:18:11.671,13,-53
432,B8:27:EB:6C:F0:84,2021-05-05T19:18:12.918,5.5,-53
433,B8:27:EB:6C:F0:84,2021-05-05T19:18:14.170,6,-53
434,B8:27:EB:6C:F0:84,2021-05-05T19:18:15.419,6,-53
435,B8:27:EB:6C:F0:84,2021-05-05T19:18:16.666,5.5,-53
436,B8:27:EB:6C:F0:84,2021-05-05T19:18:17.924,6,-53
437,B8:27:EB:6C:F0:84,2021-05-05T19:18:19.172,6,-45
438,B8:27:EB:6C:F0:84,2021-05-05T19:18:20.419,12,-45
439,B8:27:EB:6C:F0:84,2021-05-05T19:18:21.676,13,-45
440,B8:27:EB:6C:F0:84,2021-05-05T19:18:22.933,13,-46
441,B8:27:EB:6C:F0:84,2021-05-05T19:18:24.192,5.5,-51
442,B8:27:EB:6C:F0:84,2021-05-05T19:18:25.445,5.5,-58
443,B8:27:EB:6C:F0:84,2021-05-05T19:18:26.695,5.5,-58
444,B8:27:EB:6C:F0:84,2021-05-05T19:18:27.952,5.5,-58
445,B8:27:EB:6C:F0:84,2021-05-05T19:18:29.202,5.5,-57
446,B8:27:EB:6C:F0:84,2021-05-05T19:18:30.460,6.5,-57
447,B8:27:EB:6C:F0:84,2021-05-05T19:18:31.710,5.5,-61
448,B8:27:EB:6C:F0:84,2021-05-05T19:18:32.962,6,-53
449,B8:27:EB:6C:F0:84,2021-05-05T19:18:34.215,6,-53
450,B8:27:EB:6C:F0:84,2021-05-05T19:18:35.465,6,-54
451,B8:27:EB:6C:F0:84,2021-05-05T19:18:36.729,6.5,-54
452,B8:27:EB:6C:F0:84,2021-05-05T19:18:37.981,5.5,-54
453,B8:27:EB:6C:F0:84,2021-05-05T19:18:39.239,6.5,-54
454,B8:27:EB:6C:F0:84,2021-05-05T19:18:40.491,6.5,-53
455,B8:27:EB:6C:F0:84,2021-05-05T19:18:41.738,7.2,-53
456,B8:27:EB:6C:F0:84,2021-05-05T19:18:43.000,6.5,-53
457,B8:27:EB:6C:F0:84,2021-05-05T19:18:44.250,6.5,-53
458,B8:27:EB:6C:F0:84,2021-05-05T19:18:45.497,5.5,-56
459,B8:27:EB:6C:F0:84,2021-05-05T19:18:46.753,6,-61
460,B8:27:EB:6C:F0:84,2021-05-05T19:18:48.018,5.5,-61
461,B8:27:EB:6C:F0:84,2021-05-05T19:18:49.266,5.5,-61
462,B8:27:EB:6C:F0:84,2021-05-05T19:18:50.511,5.5,-61
463,B8:27:EB:6C:F0:84,2021-05-05T19:18:51.764,5.5,-61
464,B8:27:EB:6C:F0:84,2021-05-05T19:18:53.016,5.5,-76
465,B8:27:EB:6C:F0:84,2021-05-05T19:18:54.271,5.5,-76
466,B8:27:EB:6C:F0:84,2021-05-05T19:18:55.515,5.5,-76
467,B8:27:EB:6C:F0:84,2021-05-05T19:18:56.759,5.5,-76
468,B8:27:EB:6C:F0:84,2021-05-05T19:18:58.004,5.5,-76
469,B8:27:EB:6C:F0:84,2021-05-05T19:18:59.255,5.5,-80
470,B8:27:EB:6C:F0:84,2021-05-05T19:19:00.505,7.2,-79
471,B8:27:EB:6C:F0:84,2021-05-05T19:19:01.759,13,-79
472,B8:27:EB:6C:F0:84,2021-05-05T19:19:03.004,12,-79
473,B8:27:EB:6C:F0:84,2021-05-05T19:19:04.250,12,-79
474,B8:27:EB:6C:F0:84,2021-05-05T19:19:05.497,6.5,-77
475,B8:27:EB:6C:F0:84,2021-05-05T19:19:06.756,6.5,-77
476,B8:27:EB:6C:F0:84,2021-05-05T19:19:08.001,2,-77
477,B8:27:EB:6C:F0:84,2021-05-05T19:19:09.246,1,-77
478,B8:27:EB:6C:F0:84,2021-05-05T19:19:10.487,2,-77
479,B8:27:EB:6C:F0:84,2021-05-05T19:19:11.734,2,-79
480,B8:27:EB:6C:F0:84,2021-05-05T19:19:12.978,5.5,-79
481,B8:27:EB:6C:F0:84,2021-05-05T19:19:14.228,1,-79
482,B8:27:EB:6C:F0:84,2021-05-05T19:19:15.475,1,-79
483,B8:27:EB:6C:F0:84,2021-05-05T19:19:16.717,1,-79
484,B8:27:EB:6C:F0:84,2021-05-05T19:19:17.959,2,-79
485,B8:27:EB:6C:F0:84,2021-05-05T19:19:19.202,1,-79
486,B8:27:EB:6C:F0:84,2021-05-05T19:19:20.444,1,-79
487,B8:27:EB:6C:F0:84,2021-05-05T19:19:21.688,2,-79
488,B8:27:EB:6C:F0:84,2021-05-05T19:19:22.932,2,-80
489,B8:27:EB:6C:F0:84,2021-05-05T19:19:24.186,2,-81
490,B8:27:EB:6C:F0:84,2021-05-05T19:19:25.432,2,-81
491,B8:27:EB:6C:F0:84,2021-05-05T19:19:26.686,1,-82
492,B8:27:EB:6C:F0:84,2021-05-05T19:19:27.932,1,-82
493,B8:27:EB:6C:F0:84,2021-05-05T19:19:29.180,1,-82
494,B8:27:EB:6C:F0:84,2021-05-05T19:19:30.424,1,-82
495,B8:27:EB:6C:F0:84,2021-05-05T19:19:31.670,1,-82
496,B8:27:EB:6C:F0:84,2021-05-05T19:19:32.918,1,-82
497,B8:27:EB:6C:F0:84,2021-05-05T19:19:34.161,1,-83
498,B8:27:EB:6C:F0:84,2021-05-05T19:19:35.407,1,-84
499,B8:27:EB:6C:F0:84,2021-05-05T19:19:36.649,1,-84
500,B8:27:EB:6C:F0:84,2021-05-05T19:19:37.896,1,-84
501,B8:27:EB:6C:F0:84,2021-05-05T19:19:39.142,1,-84
502,B8:27:EB:6C:F0:84,2021-05-05T19:19:40.385,1,-83
503,B8:27:EB:6C:F0:84,2021-05-05T19:19:41.629,1,-82
504,B8:27:EB:6C:F0:84,2021-05-05T19:19:42.877,1,-82
505,B8:27:EB:6C:F0:84,2021-05-05T19:19:44.123,1,-82
506,B8:27:EB:6C:F0:84,2021-05-05T19:19:45.379,1,-82
507,B8:27:EB:6C:F0:84,2021-05-05T19:19:46.623,1,-82
508,B8:27:EB:6C:F0:84,2021-05-05T19:19:47.864,1,-83
509,B8:27:EB:6C:F0:84,2021-05-05T19:19:49.108,2,-83
510,B8:27:EB:6C:F0:84,2021-05-05T19:19:50.362,2,-83
511,B8:27:EB:6C:F0:84,2021-05-05T19:19:51.606,2,-83
512,B8:27:EB:6C:F0:84,2021-05-05T19:19:52.850,2,-83
513,NULL,2021-05-05T19:19:54.090,NULL,NULL
514,NULL,2021-05-05T19:19:55.378,NULL,NULL
515,NULL,2021-05-05T19:19:56.618,NULL,NULL
516,NULL,2021-05-05T19:19:57.857,NULL,NULL
517,NULL,2021-05-05T19:19:59.097,NULL,NULL
518,B8:27:EB:75:C1:31,2021-05-05T19:20:00.340,65,-77
519,B8:27:EB:75:C1:31,2021-05-05T19:20:01.589,52,-76
520,B8:27:EB:75:C1:31,2021-05-05T19:20:02.833,52,-74
521,B8:27:EB:75:C1:31,2021-05-05T19:20:04.077,39,-73
522,B8:27:EB:75:C1:31,2021-05-05T19:20:05.319,24,-72
523,B8:27:EB:75:C1:31,2021-05-05T19:20:06.563,39,-70
524,B8:27:EB:75:C1:31,2021-05-05T19:20:07.806,24,-72
525,B8:27:EB:75:C1:31,2021-05-05T19:20:09.174,43.3,-68
526,B8:27:EB:75:C1:31,2021-05-05T19:20:10.423,39,-60
527,B8:27:EB:75:C1:31,2021-05-05T19:20:11.692,65,-63
528,B8:27:EB:75:C1:31,2021-05-05T19:20:12.936,58.5,-62
529,B8:27:EB:75:C1:31,2021-05-05T19:20:14.180,65,-58
530,B8:27:EB:75:C1:31,2021-05-05T19:20:15.424,24,-55
531,B8:27:EB:75:C1:31,2021-05-05T19:20:16.671,24,-55
532,B8:27:EB:75:C1:31,2021-05-05T19:20:17.920,24,-64
533,B8:27:EB:75:C1:31,2021-05-05T19:20:19.171,52,-64
534,B8:27:EB:75:C1:31,2021-05-05T19:20:20.430,58.5,-64
535,B8:27:EB:75:C1:31,2021-05-05T19:20:21.682,24,-64
536,B8:27:EB:75:C1:31,2021-05-05T19:20:22.927,24,-64
537,B8:27:EB:75:C1:31,2021-05-05T19:20:24.190,52,-70
538,B8:27:EB:75:C1:31,2021-05-05T19:20:25.459,43.3,-68
539,B8:27:EB:75:C1:31,2021-05-05T19:20:26.717,13,-71
540,B8:27:EB:75:C1:31,2021-05-05T19:20:27.960,19.5,-71
541,B8:27:EB:75:C1:31,2021-05-05T19:20:29.207,6.5,-71
542,B8:27:EB:75:C1:31,2021-05-05T19:20:30.454,6,-75
543,B8:27:EB:75:C1:31,2021-05-05T19:20:31.699,6,-75
544,B8:27:EB:75:C1:31,2021-05-05T19:20:32.947,6,-75
545,B8:27:EB:75:C1:31,2021-05-05T19:20:34.459,6,-75
546,B8:27:EB:75:C1:31,2021-05-05T19:20:35.704,6,-75
547,B8:27:EB:75:C1:31,2021-05-05T19:20:36.951,6,-71
548,B8:27:EB:75:C1:31,2021-05-05T19:20:38.241,12,-69
549,B8:27:EB:75:C1:31,2021-05-05T19:20:39.500,5.5,-76
550,B8:27:EB:75:C1:31,2021-05-05T19:20:40.746,5.5,-77
551,B8:27:EB:75:C1:31,2021-05-05T19:20:41.991,5.5,-77
552,B8:27:EB:75:C1:31,2021-05-05T19:20:43.234,5.5,-77
553,B8:27:EB:75:C1:31,2021-05-05T19:20:44.476,5.5,-77
554,B8:27:EB:75:C1:31,2021-05-05T19:20:45.722,6.5,-75
555,B8:27:EB:75:C1:31,2021-05-05T19:20:46.993,13,-75
556,B8:27:EB:75:C1:31,2021-05-05T19:20:48.238,5.5,-75
557,B8:27:EB:75:C1:31,2021-05-05T19:20:49.492,6,-75
558,B8:27:EB:75:C1:31,2021-05-05T19:20:50.760,6,-75
559,B8:27:EB:75:C1:31,2021-05-05T19:20:52.005,12,-75
560,B8:27:EB:75:C1:31,2021-05-05T19:20:53.260,13,-77
561,B8:27:EB:75:C1:31,2021-05-05T19:20:54.500,6.5,-74
562,B8:27:EB:75:C1:31,2021-05-05T19:20:55.742,7.2,-75
563,B8:27:EB:75:C1:31,2021-05-05T19:20:57.230,14.4,-76
564,B8:27:EB:75:C1:31,2021-05-05T19:20:58.477,7.2,-76
565,B8:27:EB:75:C1:31,2021-05-05T19:20:59.719,6.5,-73
566,B8:27:EB:75:C1:31,2021-05-05T19:21:00.965,13,-73
567,B8:27:EB:75:C1:31,2021-05-05T19:21:02.210,13,-73
568,B8:27:EB:75:C1:31,2021-05-05T19:21:03.456,12,-73
569,B8:27:EB:75:C1:31,2021-05-05T19:21:04.699,24,-73
570,B8:27:EB:75:C1:31,2021-05-05T19:21:05.948,24,-74
571,B8:27:EB:75:C1:31,2021-05-05T19:21:07.193,24,-77
572,B8:27:EB:75:C1:31,2021-05-05T19:21:08.447,24,-77
573,B8:27:EB:75:C1:31,2021-05-05T19:21:09.691,24,-78
574,B8:27:EB:75:C1:31,2021-05-05T19:21:10.934,24,-78
575,B8:27:EB:75:C1:31,2021-05-05T19:21:12.229,28.8,-78
576,B8:27:EB:75:C1:31,2021-05-05T19:21:13.473,26,-78
577,B8:27:EB:75:C1:31,2021-05-05T19:21:14.716,12,-78
578,B8:27:EB:75:C1:31,2021-05-05T19:21:15.960,12,-78
579,B8:27:EB:75:C1:31,2021-05-05T19:21:17.206,12,-78
580,B8:27:EB:75:C1:31,2021-05-05T19:21:18.450,12,-78
581,B8:27:EB:75:C1:31,2021-05-05T19:21:19.694,12,-78
582,B8:27:EB:75:C1:31,2021-05-05T19:21:20.939,19.5,-78
583,B8:27:EB:75:C1:31,2021-05-05T19:21:22.183,12,-78
584,B8:27:EB:75:C1:31,2021-05-05T19:21:23.426,12,-78
585,B8:27:EB:75:C1:31,2021-05-05T19:21:24.671,12,-78
586,B8:27:EB:75:C1:31,2021-05-05T19:21:25.926,12,-78
587,B8:27:EB:75:C1:31,2021-05-05T19:21:27.174,12,-78
588,B8:27:EB:75:C1:31,2021-05-05T19:21:28.426,12,-78
589,B8:27:EB:75:C1:31,2021-05-05T19:21:29.670,12,-78
590,B8:27:EB:75:C1:31,2021-05-05T19:21:30.916,12,-78
591,NULL,2021-05-05T19:21:32.156,NULL,NULL
592,NULL,2021-05-05T19:21:33.410,NULL,NULL
593,NULL,2021-05-05T19:21:34.649,NULL,NULL
594,NULL,2021-05-05T19:21:35.896,NULL,NULL
595,NULL,2021-05-05T19:21:37.136,NULL,NULL
596,NULL,2021-05-05T19:21:38.373,NULL,NULL
597,NULL,2021-05-05T19:21:39.614,NULL,NULL
598,NULL,2021-05-05T19:21:40.854,NULL,NULL
599,NULL,2021-05-05T19:21:42.093,NULL,NULL
600,NULL,2021-05-05T19:21:43.332,NULL,NULL
601,NULL,2021-05-05T19:21:44.571,NULL,NULL
602,NULL,2021-05-05T19:21:45.809,NULL,NULL
603,NULL,2021-05-05T19:21:47.047,NULL,NULL
604,NULL,2021-05-05T19:21:48.292,NULL,NULL
605,NULL,2021-05-05T19:21:49.533,NULL,NULL
606,NULL,2021-05-05T19:21:50.771,NULL,NULL
607,NULL,2021-05-05T19:21:52.012,NULL,NULL
608,NULL,2021-05-05T19:21:53.252,NULL,NULL
609,NULL,2021-05-05T19:21:54.499,NULL,NULL
610,NULL,2021-05-05T19:21:55.743,NULL,NULL
611,NULL,2021-05-05T19:21:56.989,NULL,NULL
612,NULL,2021-05-05T19:21:58.230,NULL,NULL
613,NULL,2021-05-05T19:21:59.474,NULL,NULL
614,NULL,2021-05-05T19:22:00.715,NULL,NULL
615,NULL,2021-05-05T19:22:01.952,NULL,NULL
616,NULL,2021-05-05T19:22:03.189,NULL,NULL
617,NULL,2021-05-05T19:22:04.435,NULL,NULL
618,NULL,2021-05-05T19:22:05.679,NULL,NULL
619,NULL,2021-05-05T19:22:06.937,NULL,NULL
620,NULL,2021-05-05T19:22:08.177,NULL,NULL
621,NULL,2021-05-05T19:22:09.426,NULL,NULL
622,NULL,2021-05-05T19:22:10.666,NULL,NULL
623,NULL,2021-05-05T19:22:11.914,NULL,NULL
624,NULL,2021-05-05T19:22:13.160,NULL,NULL
625,NULL,2021-05-05T19:22:14.406,NULL,NULL
626,NULL,2021-05-05T19:22:15.655,NULL,NULL
627,NULL,2021-05-05T19:22:16.899,NULL,NULL
628,NULL,2021-05-05T19:22:18.149,NULL,NULL
629,NULL,2021-05-05T19:22:19.390,NULL,NULL
630,NULL,2021-05-05T19:22:20.630,NULL,NULL
631,NULL,2021-05-05T19:22:21.878,NULL,NULL
632,NULL,2021-05-05T19:22:23.131,NULL,NULL
633,NULL,2021-05-05T19:22:24.386,NULL,NULL
634,NULL,2021-05-05T19:22:25.632,NULL,NULL
635,NULL,2021-05-05T19:22:26.884,NULL,NULL
636,NULL,2021-05-05T19:22:28.129,NULL,NULL
637,NULL,2021-05-05T19:22:29.375,NULL,NULL
638,NULL,2021-05-05T19:22:30.617,NULL,NULL
639,NULL,2021-05-05T19:22:31.859,NULL,NULL
640,NULL,2021-05-05T19:22:33.106,NULL,NULL
641,NULL,2021-05-05T19:22:34.353,NULL,NULL
642,NULL,2021-05-05T19:22:35.599,NULL,NULL
643,NULL,2021-05-05T19:22:36.841,NULL,NULL
644,NULL,2021-05-05T19:22:38.084,NULL,NULL
645,NULL,2021-05-05T19:22:39.327,NULL,NULL
646,NULL,2021-05-05T19:22:40.576,NULL,NULL
647,NULL,2021-05-05T19:22:41.824,NULL,NULL
648,NULL,2021-05-05T19:22:43.064,NULL,NULL
649,NULL,2021-05-05T19:22:44.315,NULL,NULL
650,NULL,2021-05-05T19:22:45.565,NULL,NULL
651,NULL,2021-05-05T19:22:46.810,NULL,NULL
652,NULL,2021-05-05T19:22:48.063,NULL,NULL
